OP_UNIQUE_CARRIER,ORIGIN,DEST,CRS_DEP_TIME,DEP_DELAY_NEW
AA,LGA,ORD,1730,0
AA,JFK,ORD,845,0
AA,JFK,ORD,1555,0
AA,LGA,ORD,1130,0
AA,LGA,ORD,1430,8
AA,LGA,ORD,2030,0
AA,LGA,ORD,600,0
AA,LGA,ORD,1630,0
AA,LGA,ORD,1830,0
AA,LGA,ORD,1330,0
AA,LGA,ORD,1930,0
AA,LGA,ORD,1030,0
AA,LGA,ORD,830,0
AA,LGA,ORD,1530,0
AA,LGA,ORD,1230,35
AA,LGA,ORD,659,0
OO,HPN,ORD,1200,0
OO,HPN,ORD,1630,6
OO,HPN,ORD,705,0
B6,JFK,ORD,1321,82
B6,JFK,ORD,807,0
9E,JFK,ORD,1459,32
9E,JFK,ORD,900,0
9E,JFK,ORD,1155,0
DL,LGA,ORD,845,0
DL,LGA,ORD,1130,1
DL,LGA,ORD,1845,1
DL,LGA,ORD,1630,0
DL,LGA,ORD,730,1
DL,LGA,ORD,2045,49
DL,LGA,ORD,1329,35
YX,JFK,ORD,1935,0
OO,LGA,ORD,1915,0
OO,LGA,ORD,1652,26
OO,LGA,ORD,1107,74
OO,HPN,ORD,1803,0
OO,HPN,ORD,1200,0
OO,HPN,ORD,620,10
UA,LGA,ORD,1815,0
UA,LGA,ORD,1500,0
UA,LGA,ORD,700,44
UA,LGA,ORD,2100,0
UA,LGA,ORD,1005,0
UA,LGA,ORD,1300,22
UA,LGA,ORD,900,0
UA,LGA,ORD,630,152
UA,LGA,ORD,800,19
AA,LGA,ORD,1830,0
AA,JFK,ORD,845,0
AA,LGA,ORD,1130,7
AA,LGA,ORD,1430,0
AA,LGA,ORD,1730,8
AA,LGA,ORD,930,43
AA,LGA,ORD,1630,0
AA,LGA,ORD,1330,0
AA,LGA,ORD,600,0
AA,LGA,ORD,659,0
AA,LGA,ORD,2030,0
AA,LGA,ORD,830,0
AA,JFK,ORD,1555,20
AA,LGA,ORD,1530,5
AA,LGA,ORD,1030,0
AA,LGA,ORD,1230,0
AA,LGA,ORD,1930,0
OO,HPN,ORD,705,0
OO,HPN,ORD,1630,0
OO,HPN,ORD,1200,0
B6,JFK,ORD,807,0
B6,JFK,ORD,1321,3
9E,JFK,ORD,1459,0
9E,JFK,ORD,900,0
9E,JFK,ORD,1155,1
DL,LGA,ORD,730,0
DL,LGA,ORD,1329,16
DL,LGA,ORD,2045,0
DL,LGA,ORD,1130,14
DL,LGA,ORD,1630,0
DL,LGA,ORD,600,3
DL,LGA,ORD,1845,0
DL,LGA,ORD,845,0
YX,JFK,ORD,1935,0
OO,LGA,ORD,1915,0
OO,LGA,ORD,1107,26
OO,LGA,ORD,1652,0
OO,HPN,ORD,620,0
OO,HPN,ORD,1803,0
OO,HPN,ORD,1200,0
UA,LGA,ORD,1300,0
UA,LGA,ORD,800,0
UA,LGA,ORD,900,0
UA,LGA,ORD,1005,0
UA,LGA,ORD,1815,0
UA,LGA,ORD,1500,0
UA,LGA,ORD,630,0
UA,LGA,ORD,2100,0
YX,LGA,ORD,700,0
AA,JFK,ORD,845,0
AA,LGA,ORD,1630,0
AA,LGA,ORD,1130,0
AA,LGA,ORD,1430,66
AA,LGA,ORD,1530,65
AA,LGA,ORD,830,0
AA,LGA,ORD,1730,100
AA,LGA,ORD,600,0
AA,LGA,ORD,1030,3
AA,LGA,ORD,1230,8
AA,LGA,ORD,659,0
AA,LGA,ORD,1330,76
OO,HPN,ORD,1200,0
OO,HPN,ORD,705,0
B6,JFK,ORD,807,0
9E,JFK,ORD,900,0
9E,JFK,ORD,1155,0
DL,LGA,ORD,730,0
DL,LGA,ORD,845,0
DL,LGA,ORD,1329,0
DL,LGA,ORD,1130,0
DL,LGA,ORD,600,0
YX,JFK,ORD,1935,145
OO,LGA,ORD,1107,0
OO,HPN,ORD,620,2
OO,HPN,ORD,1200,0
UA,LGA,ORD,900,0
UA,LGA,ORD,1005,0
UA,LGA,ORD,630,0
UA,LGA,ORD,800,0
YX,LGA,ORD,700,0
AA,JFK,ORD,845,89
AA,LGA,ORD,1430,0
AA,LGA,ORD,1130,0
AA,LGA,ORD,600,105
AA,LGA,ORD,930,0
AA,LGA,ORD,659,4
AA,LGA,ORD,1330,34
AA,LGA,ORD,1229,0
AA,LGA,ORD,1730,61
AA,LGA,ORD,1030,0
OO,HPN,ORD,1200,0
OO,HPN,ORD,705,0
OO,HPN,ORD,1630,158
B6,JFK,ORD,1321,0
B6,JFK,ORD,807,15
9E,JFK,ORD,900,0
9E,JFK,ORD,1459,15
9E,JFK,ORD,1155,6
DL,LGA,ORD,1329,0
DL,LGA,ORD,1130,0
DL,LGA,ORD,600,0
DL,LGA,ORD,845,84
DL,LGA,ORD,1630,109
OO,LGA,ORD,1652,79
OO,LGA,ORD,1107,12
OO,HPN,ORD,1200,0
OO,HPN,ORD,1803,63
OO,HPN,ORD,620,0
UA,LGA,ORD,1300,2
UA,LGA,ORD,900,0
UA,LGA,ORD,1005,1
UA,LGA,ORD,800,0
UA,LGA,ORD,630,0
UA,LGA,ORD,1500,12
YX,LGA,ORD,700,0
AA,JFK,ORD,1555,5
AA,LGA,ORD,659,1
AA,LGA,ORD,1530,1
AA,LGA,ORD,1130,105
AA,LGA,ORD,600,0
AA,LGA,ORD,1330,18
AA,LGA,ORD,1030,0
AA,LGA,ORD,1630,0
AA,LGA,ORD,1730,30
AA,LGA,ORD,830,65
OO,HPN,ORD,1630,171
OO,HPN,ORD,1200,12
OO,HPN,ORD,705,0
B6,JFK,ORD,1321,12
B6,JFK,ORD,807,6
9E,JFK,ORD,1459,101
9E,JFK,ORD,900,0
9E,JFK,ORD,1155,0
DL,LGA,ORD,1630,21
DL,LGA,ORD,1329,28
DL,LGA,ORD,730,56
DL,LGA,ORD,1130,39
DL,LGA,ORD,600,0
DL,LGA,ORD,845,0
OO,LGA,ORD,1107,0
OO,LGA,ORD,1652,12
OO,HPN,ORD,1803,20
OO,HPN,ORD,620,0
OO,HPN,ORD,1200,0
UA,LGA,ORD,1005,0
UA,LGA,ORD,1300,45
UA,LGA,ORD,900,0
UA,LGA,ORD,800,1
UA,LGA,ORD,1500,47
UA,LGA,ORD,630,0
YX,LGA,ORD,700,32
AA,LGA,ORD,1130,33
AA,JFK,ORD,900,0
AA,JFK,ORD,1555,0
AA,LGA,ORD,2030,124
AA,LGA,ORD,600,0
OO,HPN,ORD,1200,0
OO,HPN,ORD,705,0
OO,HPN,ORD,1630,9
B6,JFK,ORD,1321,17
B6,JFK,ORD,807,0
9E,JFK,ORD,1459,9
9E,JFK,ORD,1155,0
DL,LGA,ORD,1845,0
DL,LGA,ORD,1415,5
DL,LGA,ORD,1130,2
YX,JFK,ORD,1959,26
OO,LGA,ORD,1915,0
OO,LGA,ORD,1652,0
OO,HPN,ORD,1803,0
OO,HPN,ORD,620,0
UA,LGA,ORD,1005,0
UA,LGA,ORD,1300,3
UA,LGA,ORD,630,0
UA,LGA,ORD,800,0
YX,LGA,ORD,700,0
AA,LGA,ORD,1330,153
AA,JFK,ORD,1555,18
AA,LGA,ORD,1130,170
AA,LGA,ORD,1530,77
AA,LGA,ORD,700,0
AA,LGA,ORD,600,0
AA,LGA,ORD,1630,2
AA,LGA,ORD,1830,85
AA,LGA,ORD,1229,138
AA,LGA,ORD,1930,119
OO,HPN,ORD,1630,115
OO,HPN,ORD,705,116
B6,JFK,ORD,1321,165
DL,LGA,ORD,845,98
DL,LGA,ORD,1329,81
DL,LGA,ORD,2045,0
DL,LGA,ORD,1630,147
DL,LGA,ORD,1130,0
YX,JFK,ORD,1935,38
OO,HPN,ORD,1803,152
OO,HPN,ORD,620,19
UA,LGA,ORD,630,107
UA,LGA,ORD,900,104
UA,LGA,ORD,1005,68
UA,LGA,ORD,1300,174
UA,LGA,ORD,1815,53
UA,LGA,ORD,800,129
YX,LGA,ORD,700,155
AA,LGA,ORD,1430,63
AA,LGA,ORD,830,5
AA,LGA,ORD,1730,124
AA,JFK,ORD,1555,180
AA,LGA,ORD,1030,18
AA,LGA,ORD,930,13
AA,LGA,ORD,1630,1
AA,LGA,ORD,1229,1
AA,LGA,ORD,659,1
AA,LGA,ORD,600,0
AA,LGA,ORD,1930,103
OO,HPN,ORD,1630,54
9E,JFK,ORD,1459,20
9E,JFK,ORD,900,0
9E,JFK,ORD,1155,37
DL,LGA,ORD,1630,0
DL,LGA,ORD,1359,0
DL,LGA,ORD,845,53
DL,LGA,ORD,1200,35
DL,LGA,ORD,730,29
DL,LGA,ORD,2045,0
YX,JFK,ORD,1935,0
OO,LGA,ORD,1107,111
OO,LGA,ORD,1652,10
OO,HPN,ORD,1803,62
UA,LGA,ORD,1815,164
UA,LGA,ORD,900,131
UA,LGA,ORD,1005,76
UA,LGA,ORD,1300,123
UA,LGA,ORD,630,0
UA,LGA,ORD,2100,10
UA,LGA,ORD,1500,102
AA,JFK,ORD,845,0
AA,JFK,ORD,1555,0
AA,LGA,ORD,1830,57
AA,LGA,ORD,1130,21
AA,LGA,ORD,930,0
AA,LGA,ORD,2030,31
AA,LGA,ORD,1930,57
AA,LGA,ORD,1630,0
AA,LGA,ORD,659,112
AA,LGA,ORD,1730,44
AA,LGA,ORD,600,147
AA,LGA,ORD,1229,1
AA,LGA,ORD,1430,12
AA,LGA,ORD,1330,0
AA,LGA,ORD,1030,0
AA,LGA,ORD,830,19
AA,LGA,ORD,1530,0
OO,HPN,ORD,705,0
OO,HPN,ORD,1630,0
B6,JFK,ORD,1321,0
B6,JFK,ORD,807,14
9E,JFK,ORD,1155,0
9E,JFK,ORD,1459,0
9E,JFK,ORD,900,36
DL,LGA,ORD,600,0
DL,LGA,ORD,1359,0
DL,LGA,ORD,2045,162
DL,LGA,ORD,1200,101
DL,LGA,ORD,1830,165
DL,LGA,ORD,730,0
DL,LGA,ORD,1630,0
DL,LGA,ORD,845,172
YX,JFK,ORD,1935,73
OO,LGA,ORD,1107,0
OO,LGA,ORD,1652,6
OO,LGA,ORD,1915,165
OO,HPN,ORD,1803,0
OO,HPN,ORD,620,3
OO,HPN,ORD,1200,0
UA,LGA,ORD,1815,6
UA,LGA,ORD,900,0
UA,LGA,ORD,1300,0
UA,LGA,ORD,1005,0
UA,LGA,ORD,2100,69
UA,LGA,ORD,630,0
UA,LGA,ORD,1500,79
UA,LGA,ORD,800,0
YX,LGA,ORD,700,0
AA,LGA,ORD,1630,0
AA,LGA,ORD,1830,0
AA,JFK,ORD,845,12
AA,JFK,ORD,1555,0
AA,LGA,ORD,1030,0
AA,LGA,ORD,2030,26
AA,LGA,ORD,1430,0
AA,LGA,ORD,930,0
AA,LGA,ORD,1930,20
AA,LGA,ORD,1130,0
AA,LGA,ORD,1330,7
AA,LGA,ORD,1730,47
AA,LGA,ORD,830,37
AA,LGA,ORD,1530,0
AA,LGA,ORD,1229,0
AA,LGA,ORD,659,0
OO,HPN,ORD,1630,2
OO,HPN,ORD,705,0
B6,JFK,ORD,1321,0
B6,JFK,ORD,807,32
9E,JFK,ORD,1459,46
9E,JFK,ORD,1155,0
9E,JFK,ORD,900,0
DL,LGA,ORD,845,61
DL,LGA,ORD,730,0
DL,LGA,ORD,1830,0
DL,LGA,ORD,1630,0
DL,LGA,ORD,600,0
DL,LGA,ORD,1200,18
DL,LGA,ORD,1359,0
YX,JFK,ORD,1935,87
OO,LGA,ORD,1915,0
OO,LGA,ORD,1107,0
OO,LGA,ORD,1652,11
OO,HPN,ORD,1200,0
OO,HPN,ORD,620,1
OO,HPN,ORD,1803,0
UA,LGA,ORD,1815,0
UA,LGA,ORD,2100,0
UA,LGA,ORD,1300,0
UA,LGA,ORD,900,2
UA,LGA,ORD,1005,0
UA,LGA,ORD,630,0
UA,LGA,ORD,800,0
UA,LGA,ORD,1500,0
YX,LGA,ORD,700,0
AA,LGA,ORD,830,6
AA,LGA,ORD,1730,0
AA,LGA,ORD,930,0
AA,LGA,ORD,1130,0
AA,LGA,ORD,600,0
AA,JFK,ORD,1555,0
AA,LGA,ORD,2030,107
AA,LGA,ORD,1330,0
AA,LGA,ORD,659,0
AA,LGA,ORD,1830,10
AA,LGA,ORD,1430,0
AA,LGA,ORD,1229,0
AA,LGA,ORD,1030,0
AA,LGA,ORD,1530,0
AA,LGA,ORD,1630,70
OO,HPN,ORD,1630,0
OO,HPN,ORD,1200,1
OO,HPN,ORD,705,42
B6,JFK,ORD,1321,0
B6,JFK,ORD,807,7
9E,JFK,ORD,1459,50
9E,JFK,ORD,900,74
9E,JFK,ORD,1155,45
DL,LGA,ORD,600,0
DL,LGA,ORD,1359,0
DL,LGA,ORD,730,0
DL,LGA,ORD,2045,0
DL,LGA,ORD,1630,0
DL,LGA,ORD,845,0
DL,LGA,ORD,1830,14
DL,LGA,ORD,1200,0
YX,JFK,ORD,1935,0
OO,LGA,ORD,1915,6
OO,LGA,ORD,1107,57
OO,LGA,ORD,1652,0
OO,HPN,ORD,620,0
OO,HPN,ORD,1803,0
OO,HPN,ORD,1200,0
UA,LGA,ORD,1815,105
UA,LGA,ORD,1005,0
UA,LGA,ORD,2100,0
UA,LGA,ORD,1300,1
UA,LGA,ORD,900,0
UA,LGA,ORD,630,0
UA,LGA,ORD,1500,0
UA,LGA,ORD,800,0
YX,LGA,ORD,700,0
AA,JFK,ORD,845,14
AA,JFK,ORD,1555,14
AA,LGA,ORD,1130,0
AA,LGA,ORD,930,0
AA,LGA,ORD,2030,39
AA,LGA,ORD,1830,10
AA,LGA,ORD,1030,0
AA,LGA,ORD,1430,23
AA,LGA,ORD,1930,0
AA,LGA,ORD,1530,38
AA,LGA,ORD,659,0
AA,LGA,ORD,830,0
AA,LGA,ORD,600,40
AA,LGA,ORD,1730,0
AA,LGA,ORD,1630,7
AA,LGA,ORD,1330,0
AA,LGA,ORD,1229,0
OO,HPN,ORD,1200,0
OO,HPN,ORD,1630,0
OO,HPN,ORD,705,58
B6,JFK,ORD,807,0
B6,JFK,ORD,1321,17
9E,JFK,ORD,1459,0
9E,JFK,ORD,1155,0
9E,JFK,ORD,900,0
DL,LGA,ORD,1630,9
DL,LGA,ORD,1830,0
DL,LGA,ORD,730,0
DL,LGA,ORD,2045,0
DL,LGA,ORD,600,0
DL,LGA,ORD,1359,0
DL,LGA,ORD,845,32
DL,LGA,ORD,1200,0
YX,JFK,ORD,1935,2
OO,LGA,ORD,1915,0
OO,LGA,ORD,1652,2
OO,LGA,ORD,1107,0
OO,HPN,ORD,1803,0
OO,HPN,ORD,620,0
UA,LGA,ORD,1815,4
UA,LGA,ORD,630,0
UA,LGA,ORD,900,0
UA,LGA,ORD,1005,0
UA,LGA,ORD,1300,0
UA,LGA,ORD,2100,76
UA,LGA,ORD,800,4
UA,LGA,ORD,1500,0
YX,LGA,ORD,700,0
AA,JFK,ORD,900,0
AA,JFK,ORD,1555,0
AA,LGA,ORD,729,0
AA,LGA,ORD,600,3
AA,LGA,ORD,2030,0
AA,LGA,ORD,1229,1
AA,LGA,ORD,1530,0
OO,HPN,ORD,1200,0
OO,HPN,ORD,705,0
OO,HPN,ORD,1630,0
B6,JFK,ORD,1321,0
B6,JFK,ORD,807,0
9E,JFK,ORD,1155,18
9E,JFK,ORD,1459,0
9E,JFK,ORD,900,0
DL,LGA,ORD,1415,0
DL,LGA,ORD,845,0
DL,LGA,ORD,1845,0
DL,LGA,ORD,1200,0
YX,JFK,ORD,1959,0
OO,LGA,ORD,1915,0
OO,LGA,ORD,1652,0
OO,HPN,ORD,1803,49
OO,HPN,ORD,620,0
UA,LGA,ORD,1005,0
UA,LGA,ORD,800,0
UA,LGA,ORD,1300,0
UA,LGA,ORD,900,4
UA,LGA,ORD,630,0
UA,LGA,ORD,1815,0
UA,LGA,ORD,1500,12
YX,LGA,ORD,700,0
AA,JFK,ORD,845,0
AA,JFK,ORD,1555,4
AA,LGA,ORD,930,0
AA,LGA,ORD,1530,0
AA,LGA,ORD,1130,0
AA,LGA,ORD,1830,0
AA,LGA,ORD,800,0
AA,LGA,ORD,1229,58
AA,LGA,ORD,1630,0
AA,LGA,ORD,2030,0
AA,LGA,ORD,600,11
AA,LGA,ORD,1430,0
AA,LGA,ORD,1730,10
AA,LGA,ORD,700,0
AA,LGA,ORD,1930,33
AA,LGA,ORD,1330,12
OO,HPN,ORD,1200,0
OO,HPN,ORD,1630,0
OO,HPN,ORD,705,0
B6,JFK,ORD,807,0
B6,JFK,ORD,1321,0
9E,JFK,ORD,900,0
9E,JFK,ORD,1155,19
9E,JFK,ORD,1459,0
DL,LGA,ORD,1200,0
DL,LGA,ORD,1630,0
DL,LGA,ORD,845,6
DL,LGA,ORD,1845,0
DL,LGA,ORD,2045,0
DL,LGA,ORD,1359,0
YX,JFK,ORD,1935,18
OO,LGA,ORD,1652,0
OO,LGA,ORD,1915,81
OO,LGA,ORD,1107,0
OO,HPN,ORD,1803,0
OO,HPN,ORD,620,0
OO,HPN,ORD,1200,0
UA,LGA,ORD,2100,13
UA,LGA,ORD,900,0
UA,LGA,ORD,1005,0
UA,LGA,ORD,1300,11
UA,LGA,ORD,630,34
UA,LGA,ORD,1815,3
UA,LGA,ORD,1500,62
UA,LGA,ORD,800,0
YX,LGA,ORD,700,0
AA,JFK,ORD,845,0
AA,JFK,ORD,1555,0
AA,LGA,ORD,1730,0
AA,LGA,ORD,659,0
AA,LGA,ORD,1130,0
AA,LGA,ORD,930,0
AA,LGA,ORD,1630,0
AA,LGA,ORD,1430,24
AA,LGA,ORD,1930,6
AA,LGA,ORD,1030,0
AA,LGA,ORD,1830,3
AA,LGA,ORD,830,62
AA,LGA,ORD,1530,33
AA,LGA,ORD,600,0
AA,LGA,ORD,2030,1
AA,LGA,ORD,1229,2
AA,LGA,ORD,1330,44
OO,HPN,ORD,705,0
OO,HPN,ORD,1630,0
OO,HPN,ORD,1200,0
B6,JFK,ORD,1321,0
B6,JFK,ORD,807,0
9E,JFK,ORD,1459,0
9E,JFK,ORD,1155,0
9E,JFK,ORD,900,0
DL,LGA,ORD,1830,0
DL,LGA,ORD,2045,72
DL,LGA,ORD,1630,0
DL,LGA,ORD,1200,0
DL,LGA,ORD,730,0
DL,LGA,ORD,845,50
DL,LGA,ORD,1359,0
DL,LGA,ORD,600,0
YX,JFK,ORD,1935,0
OO,LGA,ORD,1107,0
OO,LGA,ORD,1915,38
OO,LGA,ORD,1652,14
OO,HPN,ORD,620,0
OO,HPN,ORD,1803,0
OO,HPN,ORD,1200,90
UA,LGA,ORD,1815,0
UA,LGA,ORD,1300,0
UA,LGA,ORD,2100,0
UA,LGA,ORD,900,0
UA,LGA,ORD,1005,0
UA,LGA,ORD,630,0
UA,LGA,ORD,800,0
UA,LGA,ORD,1500,0
YX,LGA,ORD,700,0
AA,JFK,ORD,900,0
AA,JFK,ORD,1600,0
AA,LGA,ORD,1130,0
AA,LGA,ORD,1830,0
AA,LGA,ORD,1530,13
AA,LGA,ORD,930,0
AA,LGA,ORD,1730,0
AA,LGA,ORD,1030,0
AA,LGA,ORD,1230,0
AA,LGA,ORD,1630,2
AA,LGA,ORD,830,0
AA,LGA,ORD,1430,37
AA,LGA,ORD,730,0
AA,LGA,ORD,1930,46
AA,LGA,ORD,2030,72
AA,LGA,ORD,1330,0
AA,LGA,ORD,600,3
OO,HPN,ORD,705,0
OO,HPN,ORD,1630,0
OO,HPN,ORD,1200,0
B6,JFK,ORD,807,0
B6,JFK,ORD,1321,14
9E,JFK,ORD,1155,0
9E,JFK,ORD,900,0
9E,JFK,ORD,1459,12
DL,LGA,ORD,1200,0
DL,LGA,ORD,1830,0
DL,LGA,ORD,600,0
DL,LGA,ORD,730,0
DL,LGA,ORD,2045,0
DL,LGA,ORD,845,0
DL,LGA,ORD,1359,0
DL,LGA,ORD,1630,0
YX,JFK,ORD,1935,0
OO,LGA,ORD,1652,0
OO,LGA,ORD,1107,0
OO,LGA,ORD,1915,0
OO,HPN,ORD,1803,0
OO,HPN,ORD,1200,0
OO,HPN,ORD,620,0
UA,LGA,ORD,1815,0
UA,LGA,ORD,1300,0
UA,LGA,ORD,900,0
UA,LGA,ORD,2100,0
UA,LGA,ORD,1005,0
UA,LGA,ORD,800,0
UA,LGA,ORD,630,0
UA,LGA,ORD,1500,0
YX,LGA,ORD,700,0
AA,LGA,ORD,1130,0
AA,JFK,ORD,900,0
AA,JFK,ORD,1600,0
AA,LGA,ORD,1830,42
AA,LGA,ORD,730,16
AA,LGA,ORD,600,0
AA,LGA,ORD,1630,0
AA,LGA,ORD,930,0
AA,LGA,ORD,1430,0
AA,LGA,ORD,830,0
AA,LGA,ORD,1030,0
AA,LGA,ORD,1530,76
AA,LGA,ORD,1730,163
AA,LGA,ORD,1330,0
AA,LGA,ORD,1930,52
AA,LGA,ORD,1230,1
AA,LGA,ORD,2030,39
OO,HPN,ORD,705,0
OO,HPN,ORD,1200,0
OO,HPN,ORD,1630,0
B6,JFK,ORD,807,0
B6,JFK,ORD,1321,8
9E,JFK,ORD,1155,0
9E,JFK,ORD,1459,0
9E,JFK,ORD,900,0
DL,LGA,ORD,1830,1
DL,LGA,ORD,1200,10
DL,LGA,ORD,1630,0
DL,LGA,ORD,730,0
DL,LGA,ORD,2045,74
DL,LGA,ORD,1359,0
DL,LGA,ORD,845,0
DL,LGA,ORD,600,0
OO,LGA,ORD,1915,78
OO,LGA,ORD,1107,0
OO,LGA,ORD,1652,14
OO,HPN,ORD,1803,2
OO,HPN,ORD,1200,0
OO,HPN,ORD,620,0
UA,LGA,ORD,1815,38
UA,LGA,ORD,1300,0
UA,LGA,ORD,900,0
UA,LGA,ORD,1005,0
UA,LGA,ORD,800,0
UA,LGA,ORD,630,0
UA,LGA,ORD,1500,0
UA,LGA,ORD,2100,65
YX,LGA,ORD,700,0
AA,JFK,ORD,900,73
AA,JFK,ORD,1600,69
AA,LGA,ORD,930,0
AA,LGA,ORD,1130,0
AA,LGA,ORD,730,0
AA,LGA,ORD,830,0
AA,LGA,ORD,1430,20
AA,LGA,ORD,600,0
AA,LGA,ORD,1030,0
AA,LGA,ORD,1530,0
AA,LGA,ORD,2030,0
AA,LGA,ORD,1630,1
AA,LGA,ORD,1230,13
AA,LGA,ORD,1330,5
AA,LGA,ORD,1730,0
AA,LGA,ORD,1930,0
OO,HPN,ORD,1630,0
OO,HPN,ORD,1200,0
OO,HPN,ORD,705,0
B6,JFK,ORD,1321,0
B6,JFK,ORD,807,0
9E,JFK,ORD,1459,0
9E,JFK,ORD,1155,0
9E,JFK,ORD,900,0
DL,LGA,ORD,1830,0
DL,LGA,ORD,1630,0
DL,LGA,ORD,845,0
DL,LGA,ORD,730,0
DL,LGA,ORD,600,0
DL,LGA,ORD,1200,91
DL,LGA,ORD,1359,4
DL,LGA,ORD,2045,28
YX,JFK,ORD,1935,0
OO,LGA,ORD,1915,0
OO,LGA,ORD,1107,0
OO,LGA,ORD,1652,0
OO,HPN,ORD,620,0
OO,HPN,ORD,1200,0
UA,LGA,ORD,1815,0
UA,LGA,ORD,1300,13
UA,LGA,ORD,1005,0
UA,LGA,ORD,1500,0
UA,LGA,ORD,900,11
UA,LGA,ORD,630,0
UA,LGA,ORD,2100,0
UA,LGA,ORD,800,0
YX,LGA,ORD,700,0
AA,JFK,ORD,900,2
AA,LGA,ORD,930,0
AA,LGA,ORD,830,0
AA,LGA,ORD,1230,13
AA,LGA,ORD,1730,0
AA,LGA,ORD,1130,27
AA,LGA,ORD,730,53
AA,LGA,ORD,1430,30
AA,LGA,ORD,1030,0
AA,LGA,ORD,1630,0
AA,JFK,ORD,1600,0
AA,LGA,ORD,600,0
AA,LGA,ORD,1530,15
AA,LGA,ORD,1330,25
AA,LGA,ORD,2030,31
OO,HPN,ORD,1200,91
OO,HPN,ORD,705,0
OO,HPN,ORD,1630,60
B6,JFK,ORD,1321,21
B6,JFK,ORD,807,0
9E,JFK,ORD,1459,0
9E,JFK,ORD,1155,0
9E,JFK,ORD,900,0
DL,LGA,ORD,1630,0
DL,LGA,ORD,600,3
DL,LGA,ORD,1359,0
DL,LGA,ORD,1200,24
DL,LGA,ORD,730,16
DL,LGA,ORD,2045,0
DL,LGA,ORD,845,93
DL,LGA,ORD,1830,0
YX,JFK,ORD,1935,0
OO,LGA,ORD,1652,32
OO,LGA,ORD,1107,0
OO,HPN,ORD,620,0
OO,LGA,ORD,1915,0
OO,HPN,ORD,1803,0
OO,HPN,ORD,1200,61
UA,LGA,ORD,1815,43
UA,LGA,ORD,1300,112
UA,LGA,ORD,1500,2
UA,LGA,ORD,900,0
UA,LGA,ORD,1005,0
UA,LGA,ORD,800,1
UA,LGA,ORD,630,0
UA,LGA,ORD,2100,0
YX,LGA,ORD,700,0
AA,JFK,ORD,900,0
AA,JFK,ORD,1600,3
AA,LGA,ORD,2030,0
AA,LGA,ORD,1130,119
AA,LGA,ORD,600,0
AA,LGA,ORD,1030,0
AA,LGA,ORD,930,0
AA,LGA,ORD,1230,50
AA,LGA,ORD,1430,102
AA,LGA,ORD,1930,0
OO,HPN,ORD,705,11
OO,HPN,ORD,1630,0
OO,HPN,ORD,1200,0
YX,LGA,ORD,730,0
B6,JFK,ORD,807,0
B6,JFK,ORD,1321,0
9E,JFK,ORD,1155,0
9E,JFK,ORD,1459,3
9E,JFK,ORD,900,0
DL,LGA,ORD,1845,90
DL,LGA,ORD,845,0
DL,LGA,ORD,1200,0
DL,LGA,ORD,1415,0
YX,JFK,ORD,1959,15
OO,LGA,ORD,1915,17
OO,HPN,ORD,1803,16
UA,LGA,ORD,1300,0
UA,LGA,ORD,800,0
UA,LGA,ORD,1005,0
UA,LGA,ORD,1815,0
UA,LGA,ORD,630,11
UA,LGA,ORD,1500,0
UA,LGA,ORD,900,0
AA,LGA,ORD,830,0
AA,LGA,ORD,1530,0
AA,JFK,ORD,900,0
AA,LGA,ORD,930,3
AA,LGA,ORD,1130,0
AA,LGA,ORD,1030,0
AA,LGA,ORD,600,0
AA,LGA,ORD,1430,43
AA,LGA,ORD,1730,57
AA,LGA,ORD,1330,0
AA,LGA,ORD,1230,0
AA,LGA,ORD,1630,0
AA,LGA,ORD,730,0
OO,HPN,ORD,1630,22
OO,HPN,ORD,1200,13
OO,HPN,ORD,705,0
B6,JFK,ORD,807,17
B6,JFK,ORD,1321,25
9E,JFK,ORD,1155,0
9E,JFK,ORD,1459,5
9E,JFK,ORD,900,26
DL,LGA,ORD,1200,0
DL,LGA,ORD,845,0
DL,LGA,ORD,2045,85
DL,LGA,ORD,1359,0
DL,LGA,ORD,1845,7
DL,LGA,ORD,1630,0
YX,JFK,ORD,1935,2
OO,LGA,ORD,1652,0
OO,LGA,ORD,1915,99
OO,LGA,ORD,1107,0
OO,HPN,ORD,1803,0
OO,HPN,ORD,1200,0
OO,HPN,ORD,620,0
UA,LGA,ORD,1005,0
UA,LGA,ORD,630,0
UA,LGA,ORD,1300,0
UA,LGA,ORD,900,0
UA,LGA,ORD,2100,126
UA,LGA,ORD,1815,147
UA,LGA,ORD,800,0
UA,LGA,ORD,1500,0
YX,LGA,ORD,700,0
AA,LGA,ORD,830,0
AA,LGA,ORD,930,0
AA,LGA,ORD,1130,0
AA,LGA,ORD,1330,48
AA,LGA,ORD,1030,7
AA,LGA,ORD,1430,0
AA,JFK,ORD,900,1
AA,LGA,ORD,600,0
AA,LGA,ORD,1230,32
AA,LGA,ORD,730,30
AA,LGA,ORD,1530,0
AA,LGA,ORD,1630,0
OO,HPN,ORD,1630,11
OO,HPN,ORD,705,0
OO,HPN,ORD,1200,0
B6,JFK,ORD,807,0
9E,JFK,ORD,1155,137
9E,JFK,ORD,900,0
DL,LGA,ORD,1630,21
DL,LGA,ORD,1359,0
DL,LGA,ORD,1159,0
DL,LGA,ORD,1830,3
DL,LGA,ORD,730,0
OO,LGA,ORD,1107,0
OO,HPN,ORD,1803,26
OO,HPN,ORD,1200,0
OO,HPN,ORD,620,0
UA,LGA,ORD,1005,0
UA,LGA,ORD,1300,52
UA,LGA,ORD,900,0
UA,LGA,ORD,800,3
UA,LGA,ORD,630,3
YX,LGA,ORD,700,0
AA,LGA,ORD,1130,1
AA,LGA,ORD,1630,19
AA,LGA,ORD,1230,0
AA,JFK,ORD,900,0
AA,JFK,ORD,1600,26
AA,LGA,ORD,1430,16
AA,LGA,ORD,1830,154
AA,LGA,ORD,930,0
AA,LGA,ORD,600,0
AA,LGA,ORD,730,0
AA,LGA,ORD,830,7
AA,LGA,ORD,1530,0
AA,LGA,ORD,1330,0
AA,LGA,ORD,1730,5
AA,LGA,ORD,1030,0
AA,LGA,ORD,2030,0
AA,LGA,ORD,1930,16
OO,HPN,ORD,705,0
OO,HPN,ORD,1200,3
OO,HPN,ORD,1630,16
B6,JFK,ORD,1321,0
9E,JFK,ORD,1459,57
9E,JFK,ORD,1155,0
9E,JFK,ORD,900,0
DL,LGA,ORD,600,0
DL,LGA,ORD,730,0
DL,LGA,ORD,1159,127
DL,LGA,ORD,1359,0
DL,LGA,ORD,845,52
DL,LGA,ORD,1830,0
DL,LGA,ORD,2045,36
DL,LGA,ORD,1630,67
YX,JFK,ORD,1935,0
OO,LGA,ORD,1915,0
OO,LGA,ORD,1107,38
OO,LGA,ORD,1652,0
OO,HPN,ORD,620,0
OO,HPN,ORD,1803,2
OO,HPN,ORD,1200,0
UA,LGA,ORD,1815,76
UA,LGA,ORD,900,65
UA,LGA,ORD,1005,0
UA,LGA,ORD,2100,44
UA,LGA,ORD,1300,0
UA,LGA,ORD,630,0
UA,LGA,ORD,1500,0
UA,LGA,ORD,800,0
YX,LGA,ORD,700,0
AA,JFK,ORD,900,0
AA,LGA,ORD,1930,21
AA,LGA,ORD,930,0
AA,JFK,ORD,1600,0
AA,LGA,ORD,1530,0
AA,LGA,ORD,1130,0
AA,LGA,ORD,1830,0
AA,LGA,ORD,730,0
AA,LGA,ORD,1430,0
AA,LGA,ORD,600,0
AA,LGA,ORD,1330,0
AA,LGA,ORD,1230,0
AA,LGA,ORD,2030,0
AA,LGA,ORD,1030,0
AA,LGA,ORD,1630,0
AA,LGA,ORD,1730,0
AA,LGA,ORD,830,0
OO,HPN,ORD,1630,0
OO,HPN,ORD,1200,0
OO,HPN,ORD,705,0
B6,JFK,ORD,807,12
B6,JFK,ORD,1321,0
9E,JFK,ORD,1459,21
9E,JFK,ORD,900,0
9E,JFK,ORD,1155,2
DL,LGA,ORD,2045,74
DL,LGA,ORD,600,0
DL,LGA,ORD,1359,0
DL,LGA,ORD,845,0
DL,LGA,ORD,1159,0
DL,LGA,ORD,1830,9
DL,LGA,ORD,1630,0
DL,LGA,ORD,730,0
YX,JFK,ORD,1935,0
OO,LGA,ORD,1107,0
OO,LGA,ORD,1915,0
OO,LGA,ORD,1652,0
OO,HPN,ORD,1200,0
OO,HPN,ORD,620,0
OO,HPN,ORD,1803,0
UA,LGA,ORD,1815,0
UA,LGA,ORD,1300,0
UA,LGA,ORD,1005,0
UA,LGA,ORD,900,0
UA,LGA,ORD,630,0
UA,LGA,ORD,2100,0
UA,LGA,ORD,1500,0
UA,LGA,ORD,800,0
YX,LGA,ORD,700,30
AA,JFK,ORD,900,0
AA,JFK,ORD,1600,0
AA,LGA,ORD,930,0
AA,LGA,ORD,1430,98
AA,LGA,ORD,830,0
AA,LGA,ORD,1130,0
AA,LGA,ORD,1030,0
AA,LGA,ORD,600,0
AA,LGA,ORD,1930,4
AA,LGA,ORD,1530,0
AA,LGA,ORD,730,0
AA,LGA,ORD,1630,0
AA,LGA,ORD,2030,0
AA,LGA,ORD,1330,1
AA,LGA,ORD,1730,12
AA,LGA,ORD,1830,89
AA,LGA,ORD,1230,0
OO,HPN,ORD,705,0
OO,HPN,ORD,1200,0
OO,HPN,ORD,1630,0
B6,JFK,ORD,807,0
B6,JFK,ORD,1321,0
9E,JFK,ORD,1155,0
9E,JFK,ORD,1459,0
9E,JFK,ORD,900,0
DL,LGA,ORD,1359,0
DL,LGA,ORD,1830,0
DL,LGA,ORD,600,0
DL,LGA,ORD,730,0
DL,LGA,ORD,2045,0
DL,LGA,ORD,1630,0
DL,LGA,ORD,845,98
DL,LGA,ORD,1159,0
YX,JFK,ORD,1935,0
OO,LGA,ORD,1107,2
OO,LGA,ORD,1915,0
OO,LGA,ORD,1652,0
OO,HPN,ORD,620,0
OO,HPN,ORD,1200,0
OO,HPN,ORD,1803,0
UA,LGA,ORD,1005,0
UA,LGA,ORD,1300,0
UA,LGA,ORD,1500,0
UA,LGA,ORD,900,0
UA,LGA,ORD,1815,0
UA,LGA,ORD,630,0
UA,LGA,ORD,2100,28
UA,LGA,ORD,800,0
YX,LGA,ORD,700,0
AA,JFK,ORD,900,0
AA,JFK,ORD,1600,3
AA,LGA,ORD,2030,93
AA,LGA,ORD,930,0
AA,LGA,ORD,1830,0
AA,LGA,ORD,1030,0
AA,LGA,ORD,1430,0
AA,LGA,ORD,1130,0
AA,LGA,ORD,830,0
AA,LGA,ORD,1530,15
AA,LGA,ORD,1630,38
AA,LGA,ORD,730,0
AA,LGA,ORD,1930,92
AA,LGA,ORD,1330,0
AA,LGA,ORD,1730,14
AA,LGA,ORD,600,0
AA,LGA,ORD,1230,8
OO,HPN,ORD,1630,0
OO,HPN,ORD,1200,0
OO,HPN,ORD,705,0
B6,JFK,ORD,1321,0
B6,JFK,ORD,807,25
9E,JFK,ORD,1155,0
9E,JFK,ORD,900,0
9E,JFK,ORD,1459,0
DL,LGA,ORD,600,0
DL,LGA,ORD,1359,0
DL,LGA,ORD,1830,0
DL,LGA,ORD,730,0
DL,LGA,ORD,2045,21
DL,LGA,ORD,845,0
DL,LGA,ORD,1630,7
DL,LGA,ORD,1159,0
YX,JFK,ORD,1935,33
OO,LGA,ORD,1652,0
OO,LGA,ORD,1107,21
OO,LGA,ORD,1915,0
OO,HPN,ORD,1803,0
OO,HPN,ORD,620,0
OO,HPN,ORD,1200,0
UA,LGA,ORD,1815,30
UA,LGA,ORD,900,0
UA,LGA,ORD,1005,0
UA,LGA,ORD,800,0
UA,LGA,ORD,1300,13
UA,LGA,ORD,1500,11
UA,LGA,ORD,630,0
UA,LGA,ORD,2100,0
YX,LGA,ORD,700,0
AA,JFK,ORD,900,0
AA,JFK,ORD,1600,0
AA,LGA,ORD,930,0
AA,LGA,ORD,2030,0
AA,LGA,ORD,1930,0
AA,LGA,ORD,1730,0
AA,LGA,ORD,1130,0
AA,LGA,ORD,1230,0
AA,LGA,ORD,600,0
AA,LGA,ORD,1030,0
AA,LGA,ORD,1430,0
OO,HPN,ORD,705,0
OO,HPN,ORD,1630,0
OO,HPN,ORD,1200,12
YX,LGA,ORD,730,0
B6,JFK,ORD,1321,0
B6,JFK,ORD,807,0
9E,JFK,ORD,900,0
9E,JFK,ORD,1155,0
9E,JFK,ORD,1459,0
DL,LGA,ORD,1415,0
DL,LGA,ORD,1845,59
DL,LGA,ORD,845,0
DL,LGA,ORD,1159,0
YX,JFK,ORD,1959,0
OO,LGA,ORD,1915,0
OO,HPN,ORD,1803,0
OO,HPN,ORD,620,4
UA,LGA,ORD,1300,75
UA,LGA,ORD,630,0
UA,LGA,ORD,1815,0
UA,LGA,ORD,1005,0
UA,LGA,ORD,800,0
UA,LGA,ORD,1500,1
UA,LGA,ORD,900,0
UA,LGA,ORD,1652,0
YX,LGA,ORD,700,0
AA,JFK,ORD,900,0
AA,LGA,ORD,1530,0
AA,LGA,ORD,930,0
AA,LGA,ORD,1130,0
AA,LGA,ORD,1430,29
AA,JFK,ORD,1600,70
AA,LGA,ORD,1030,0
AA,LGA,ORD,2030,91
AA,LGA,ORD,1930,53
AA,LGA,ORD,1630,57
AA,LGA,ORD,1230,21
AA,LGA,ORD,830,0
AA,LGA,ORD,600,80
AA,LGA,ORD,730,13
AA,LGA,ORD,1330,0
OO,HPN,ORD,1200,0
OO,HPN,ORD,705,136
OO,HPN,ORD,1630,4
B6,JFK,ORD,1321,2
B6,JFK,ORD,807,0
9E,JFK,ORD,1155,0
9E,JFK,ORD,900,0
9E,JFK,ORD,1459,5
DL,LGA,ORD,845,0
DL,LGA,ORD,1845,0
DL,LGA,ORD,1359,0
DL,LGA,ORD,1630,0
DL,LGA,ORD,2045,0
DL,LGA,ORD,1159,0
YX,JFK,ORD,1935,32
OO,LGA,ORD,1915,66
OO,LGA,ORD,1107,0
OO,HPN,ORD,1200,0
OO,LGA,ORD,1652,41
OO,HPN,ORD,1803,109
OO,HPN,ORD,620,0
UA,LGA,ORD,1005,0
UA,LGA,ORD,1300,0
UA,LGA,ORD,630,0
UA,LGA,ORD,900,66
UA,LGA,ORD,1500,0
UA,LGA,ORD,2100,1
UA,LGA,ORD,1815,79
UA,LGA,ORD,800,0
YX,LGA,ORD,700,0
AA,LGA,ORD,730,0
AA,LGA,ORD,830,0
AA,LGA,ORD,1130,0
AA,LGA,ORD,930,117
AA,LGA,ORD,1330,93
AA,LGA,ORD,1030,0
AA,LGA,ORD,600,0
AA,LGA,ORD,1230,142
OO,HPN,ORD,705,0
OO,HPN,ORD,1200,172
B6,JFK,ORD,807,0
B6,JFK,ORD,1321,14
9E,JFK,ORD,900,0
9E,JFK,ORD,1155,58
9E,JFK,ORD,1459,155
DL,LGA,ORD,1159,0
DL,LGA,ORD,1359,81
DL,LGA,ORD,1630,88
DL,LGA,ORD,845,0
DL,LGA,ORD,730,0
DL,LGA,ORD,600,0
OO,LGA,ORD,1107,94
OO,HPN,ORD,1803,5
OO,HPN,ORD,620,0
UA,LGA,ORD,900,0
UA,LGA,ORD,630,0
UA,LGA,ORD,1005,0
UA,LGA,ORD,800,0
UA,LGA,ORD,1500,177
UA,LGA,ORD,2100,179
YX,LGA,ORD,700,0
AA,JFK,ORD,900,0
AA,JFK,ORD,1600,13
AA,LGA,ORD,730,0
AA,LGA,ORD,1230,0
AA,LGA,ORD,1130,0
AA,LGA,ORD,600,0
AA,LGA,ORD,1630,0
AA,LGA,ORD,1430,6
AA,LGA,ORD,1030,0
AA,LGA,ORD,1330,9
AA,LGA,ORD,830,0
AA,LGA,ORD,1530,2
AA,LGA,ORD,1730,0
OO,HPN,ORD,1630,0
B6,JFK,ORD,807,2
B6,JFK,ORD,1321,0
9E,JFK,ORD,900,13
9E,JFK,ORD,1155,0
9E,JFK,ORD,1459,0
DL,LGA,ORD,600,0
DL,LGA,ORD,730,0
DL,LGA,ORD,2045,0
DL,LGA,ORD,1830,0
DL,LGA,ORD,1159,0
DL,LGA,ORD,1359,0
DL,LGA,ORD,1630,62
YX,JFK,ORD,1935,45
OO,LGA,ORD,1107,0
OO,LGA,ORD,1652,23
OO,HPN,ORD,1803,0
OO,HPN,ORD,1200,0
UA,LGA,ORD,1815,0
UA,LGA,ORD,1005,0
UA,LGA,ORD,900,0
UA,LGA,ORD,1300,0
UA,LGA,ORD,630,0
UA,LGA,ORD,1500,1
UA,LGA,ORD,800,0
YX,LGA,ORD,700,0
AA,JFK,ORD,900,7
AA,JFK,ORD,1600,0
AA,LGA,ORD,1930,27
AA,LGA,ORD,1830,0
AA,LGA,ORD,930,0
AA,LGA,ORD,1130,0
AA,LGA,ORD,1230,0
AA,LGA,ORD,730,0
AA,LGA,ORD,1430,0
AA,LGA,ORD,1530,0
AA,LGA,ORD,2030,35
AA,LGA,ORD,1730,0
AA,LGA,ORD,1630,0
AA,LGA,ORD,600,0
AA,LGA,ORD,1030,42
OO,HPN,ORD,1630,0
OO,HPN,ORD,1200,93
OO,HPN,ORD,705,0
B6,JFK,ORD,1321,0
B6,JFK,ORD,807,0
9E,JFK,ORD,1155,0
9E,JFK,ORD,900,35
9E,JFK,ORD,1459,0
DL,LGA,ORD,1630,15
DL,LGA,ORD,845,66
DL,LGA,ORD,2045,0
DL,LGA,ORD,600,0
DL,LGA,ORD,1159,16
DL,LGA,ORD,1830,0
DL,LGA,ORD,730,0
DL,LGA,ORD,1359,0
YX,JFK,ORD,1935,6
OO,LGA,ORD,1107,0
OO,LGA,ORD,1652,6
OO,LGA,ORD,1915,0
OO,HPN,ORD,620,0
OO,HPN,ORD,1803,0
OO,HPN,ORD,1200,0
UA,LGA,ORD,1815,0
UA,LGA,ORD,1300,7
UA,LGA,ORD,1005,0
UA,LGA,ORD,900,0
UA,LGA,ORD,1500,0
UA,LGA,ORD,630,0
UA,LGA,ORD,2100,0
YX,LGA,ORD,700,66
AA,LGA,ORD,830,0
AA,LGA,ORD,1530,0
AA,LGA,ORD,730,0
AA,LGA,ORD,1830,0
AA,LGA,ORD,930,0
AA,LGA,ORD,600,0
AA,LGA,ORD,1130,0
AA,LGA,ORD,1230,0
AA,LGA,ORD,1630,0
AA,LGA,ORD,2030,6
AA,LGA,ORD,1430,0
AA,LGA,ORD,1930,7
AA,LGA,ORD,1730,0
AA,LGA,ORD,1330,0
AA,JFK,ORD,900,0
AA,JFK,ORD,1600,0
AA,LGA,ORD,1030,0
OO,HPN,ORD,1630,0
OO,HPN,ORD,1200,0
OO,HPN,ORD,705,0
B6,JFK,ORD,1321,0
B6,JFK,ORD,807,76
9E,JFK,ORD,1459,23
9E,JFK,ORD,1155,0
DL,LGA,ORD,1630,0
DL,LGA,ORD,600,5
DL,LGA,ORD,1340,2
DL,LGA,ORD,1830,0
DL,LGA,ORD,730,0
DL,LGA,ORD,2045,0
DL,LGA,ORD,1159,0
DL,LGA,ORD,845,0
YX,JFK,ORD,1935,19
OO,LGA,ORD,1652,0
OO,LGA,ORD,1915,0
OO,LGA,ORD,1107,14
OO,HPN,ORD,620,115
OO,HPN,ORD,1803,0
OO,HPN,ORD,1200,0
UA,LGA,ORD,1815,0
UA,LGA,ORD,1300,0
UA,LGA,ORD,900,0
UA,LGA,ORD,1005,0
UA,LGA,ORD,2100,0
UA,LGA,ORD,630,0
UA,LGA,ORD,800,0
YX,LGA,ORD,700,0
YX,LGA,ORD,1500,0
AA,JFK,ORD,900,0
AA,JFK,ORD,1600,0
AA,LGA,ORD,1630,16
AA,LGA,ORD,1730,0
AA,LGA,ORD,1130,0
AA,LGA,ORD,930,0
AA,LGA,ORD,1530,3
AA,LGA,ORD,2030,51
AA,LGA,ORD,1330,0
AA,LGA,ORD,1030,0
AA,LGA,ORD,1230,82
AA,LGA,ORD,1930,3
AA,LGA,ORD,830,0
AA,LGA,ORD,1430,0
AA,LGA,ORD,600,134
OO,HPN,ORD,705,0
OO,HPN,ORD,1630,0
OO,HPN,ORD,1200,0
B6,JFK,ORD,807,1
B6,JFK,ORD,1321,39
9E,JFK,ORD,1155,0
9E,JFK,ORD,1459,97
9E,JFK,ORD,900,0
DL,LGA,ORD,730,0
DL,LGA,ORD,1340,0
DL,LGA,ORD,600,0
DL,LGA,ORD,1830,79
DL,LGA,ORD,845,0
DL,LGA,ORD,1159,0
DL,LGA,ORD,1630,0
DL,LGA,ORD,2045,0
YX,JFK,ORD,1935,0
OO,LGA,ORD,1915,0
OO,LGA,ORD,1652,0
OO,LGA,ORD,1107,0
OO,HPN,ORD,1200,0
OO,HPN,ORD,1803,0
OO,HPN,ORD,620,3
UA,LGA,ORD,1815,0
UA,LGA,ORD,1300,0
UA,LGA,ORD,900,0
UA,LGA,ORD,1005,0
UA,LGA,ORD,630,0
UA,LGA,ORD,2100,0
UA,LGA,ORD,800,0
YX,LGA,ORD,1500,0
YX,LGA,ORD,700,0
AA,LGA,ORD,2030,57
AA,JFK,ORD,900,0
AA,JFK,ORD,1600,9
AA,LGA,ORD,930,0
AA,LGA,ORD,1130,0
AA,LGA,ORD,600,0
AA,LGA,ORD,1930,0
AA,LGA,ORD,1230,0
AA,LGA,ORD,1030,12
AA,LGA,ORD,1430,30
AA,LGA,ORD,1730,0
OO,HPN,ORD,705,0
OO,HPN,ORD,1630,23
OO,HPN,ORD,1200,0
YX,LGA,ORD,730,0
B6,JFK,ORD,1321,73
B6,JFK,ORD,807,0
9E,JFK,ORD,900,0
9E,JFK,ORD,1459,0
9E,JFK,ORD,1155,0
DL,LGA,ORD,845,4
DL,LGA,ORD,1845,0
DL,LGA,ORD,1159,0
DL,LGA,ORD,1340,0
YX,JFK,ORD,1959,16
OO,LGA,ORD,1915,0
OO,HPN,ORD,620,0
OO,HPN,ORD,1803,0
UA,LGA,ORD,1815,0
UA,LGA,ORD,800,0
UA,LGA,ORD,1300,0
UA,LGA,ORD,1005,0
UA,LGA,ORD,1652,0
UA,LGA,ORD,630,0
UA,LGA,ORD,900,0
YX,LGA,ORD,700,0
YX,LGA,ORD,1500,0
AA,LGA,ORD,730,0
AA,JFK,ORD,900,0
AA,JFK,ORD,1600,52
AA,LGA,ORD,1930,3
AA,LGA,ORD,1130,0
AA,LGA,ORD,1430,0
AA,LGA,ORD,600,0
AA,LGA,ORD,1330,0
AA,LGA,ORD,930,0
AA,LGA,ORD,1630,0
AA,LGA,ORD,830,0
AA,LGA,ORD,1530,0
AA,LGA,ORD,1730,0
AA,LGA,ORD,2030,0
AA,LGA,ORD,1830,0
OO,HPN,ORD,1630,0
OO,HPN,ORD,1200,0
OO,HPN,ORD,705,0
B6,JFK,ORD,1321,169
B6,JFK,ORD,807,44
9E,JFK,ORD,1459,0
9E,JFK,ORD,1155,0
9E,JFK,ORD,900,0
DL,LGA,ORD,1159,0
DL,LGA,ORD,845,0
DL,LGA,ORD,2045,8
DL,LGA,ORD,1340,18
DL,LGA,ORD,1845,0
DL,LGA,ORD,1630,0
YX,JFK,ORD,1959,75
OO,LGA,ORD,1652,1
OO,LGA,ORD,1107,0
OO,LGA,ORD,1915,17
OO,HPN,ORD,1200,0
OO,HPN,ORD,620,0
OO,HPN,ORD,1803,0
UA,LGA,ORD,1005,0
UA,LGA,ORD,630,0
UA,LGA,ORD,1300,0
UA,LGA,ORD,2100,0
UA,LGA,ORD,900,0
UA,LGA,ORD,1815,0
UA,LGA,ORD,800,0
YX,LGA,ORD,700,0
YX,LGA,ORD,1500,2
AA,JFK,ORD,900,0
AA,JFK,ORD,1600,0
AA,LGA,ORD,2030,0
AA,LGA,ORD,930,0
AA,LGA,ORD,1830,16
AA,LGA,ORD,1030,0
AA,LGA,ORD,1130,0
AA,LGA,ORD,1230,0
AA,LGA,ORD,1530,61
AA,LGA,ORD,600,0
AA,LGA,ORD,1730,0
AA,LGA,ORD,730,0
AA,LGA,ORD,1430,0
AA,LGA,ORD,830,0
AA,LGA,ORD,1630,0
AA,LGA,ORD,1330,0
AA,LGA,ORD,1930,23
OO,HPN,ORD,705,0
OO,HPN,ORD,1630,61
OO,HPN,ORD,1200,0
B6,JFK,ORD,1321,0
B6,JFK,ORD,807,0
9E,JFK,ORD,1155,0
9E,JFK,ORD,1459,25
9E,JFK,ORD,900,0
DL,LGA,ORD,600,0
DL,LGA,ORD,1340,61
DL,LGA,ORD,845,2
DL,LGA,ORD,1159,5
DL,LGA,ORD,730,0
DL,LGA,ORD,2045,0
DL,LGA,ORD,1830,0
DL,LGA,ORD,1630,0
YX,JFK,ORD,1935,0
OO,LGA,ORD,1652,0
OO,LGA,ORD,1107,0
OO,LGA,ORD,1915,0
OO,HPN,ORD,1803,0
OO,HPN,ORD,1200,0
OO,HPN,ORD,620,0
UA,LGA,ORD,1815,107
UA,LGA,ORD,900,0
UA,LGA,ORD,1005,0
UA,LGA,ORD,1300,0
UA,LGA,ORD,630,0
UA,LGA,ORD,2100,0
UA,LGA,ORD,800,0
YX,LGA,ORD,700,0
YX,LGA,ORD,1500,11
AA,JFK,ORD,900,0
AA,LGA,ORD,1830,33
AA,JFK,ORD,1600,0
AA,LGA,ORD,600,0
AA,LGA,ORD,930,0
AA,LGA,ORD,730,0
AA,LGA,ORD,1430,0
AA,LGA,ORD,1130,0
AA,LGA,ORD,1230,0
AA,LGA,ORD,1930,40
AA,LGA,ORD,1030,5
AA,LGA,ORD,1330,0
AA,LGA,ORD,1730,0
AA,LGA,ORD,1530,0
AA,LGA,ORD,830,0
AA,LGA,ORD,2030,54
AA,LGA,ORD,1630,0
OO,HPN,ORD,705,0
OO,HPN,ORD,1630,0
OO,HPN,ORD,1200,0
B6,JFK,ORD,1321,0
B6,JFK,ORD,807,0
9E,JFK,ORD,1205,0
9E,JFK,ORD,820,0
DL,LGA,ORD,1330,0
DL,LGA,ORD,1830,0
DL,LGA,ORD,1130,8
DL,LGA,ORD,600,0
DL,LGA,ORD,730,0
DL,LGA,ORD,2030,17
DL,LGA,ORD,1630,41
YX,JFK,ORD,1929,22
YX,JFK,ORD,1555,1
OO,LGA,ORD,1656,16
OO,LGA,ORD,1107,0
OO,LGA,ORD,1915,6
OO,HPN,ORD,1805,21
OO,HPN,ORD,1200,0
OO,HPN,ORD,620,0
UA,LGA,ORD,1815,12
UA,LGA,ORD,2100,0
UA,LGA,ORD,1005,0
UA,LGA,ORD,630,0
UA,LGA,ORD,700,0
UA,LGA,ORD,800,0
UA,LGA,ORD,1500,11
YX,LGA,ORD,900,0
YX,LGA,ORD,1300,0
AA,JFK,ORD,900,0
AA,JFK,ORD,1607,0
AA,LGA,ORD,1130,0
AA,LGA,ORD,1330,0
AA,LGA,ORD,1230,15
AA,LGA,ORD,1430,0
AA,LGA,ORD,600,0
AA,LGA,ORD,930,0
AA,LGA,ORD,2030,0
AA,LGA,ORD,1929,7
AA,LGA,ORD,1830,0
AA,LGA,ORD,730,0
AA,LGA,ORD,830,0
AA,LGA,ORD,1730,0
AA,LGA,ORD,1030,0
AA,LGA,ORD,1530,0
AA,LGA,ORD,1630,0
OO,HPN,ORD,1200,0
OO,HPN,ORD,709,0
OO,HPN,ORD,1630,0
B6,JFK,ORD,800,0
B6,JFK,ORD,1342,0
B6,JFK,ORD,1718,0
9E,JFK,ORD,820,0
9E,JFK,ORD,1205,0
DL,LGA,ORD,1630,0
DL,LGA,ORD,1830,0
DL,LGA,ORD,1130,0
DL,LGA,ORD,1330,0
DL,LGA,ORD,600,0
DL,LGA,ORD,2030,0
DL,LGA,ORD,830,0
DL,LGA,ORD,730,0
YX,JFK,ORD,1555,0
YX,JFK,ORD,1929,0
OO,LGA,ORD,1656,0
OO,LGA,ORD,1915,0
OO,LGA,ORD,1107,0
OO,HPN,ORD,1200,0
OO,HPN,ORD,1805,0
UA,LGA,ORD,1500,0
UA,LGA,ORD,900,0
UA,LGA,ORD,1815,0
UA,LGA,ORD,1005,0
UA,LGA,ORD,800,0
UA,LGA,ORD,2100,0
UA,LGA,ORD,630,0
UA,LGA,ORD,700,0
YX,LGA,ORD,1300,0
AA,JFK,ORD,900,139
AA,LGA,ORD,1830,2
AA,LGA,ORD,830,0
AA,LGA,ORD,1530,0
AA,LGA,ORD,1230,134
AA,LGA,ORD,1330,20
AA,LGA,ORD,1130,0
AA,LGA,ORD,930,0
AA,LGA,ORD,730,0
AA,LGA,ORD,1630,0
AA,LGA,ORD,1030,50
AA,JFK,ORD,1607,86
AA,LGA,ORD,600,0
AA,LGA,ORD,1430,17
AA,LGA,ORD,2030,0
AA,LGA,ORD,1929,0
AA,LGA,ORD,1730,3
OO,HPN,ORD,709,0
OO,HPN,ORD,1200,0
OO,HPN,ORD,1630,0
B6,JFK,ORD,800,0
B6,JFK,ORD,1342,0
B6,JFK,ORD,1718,37
9E,JFK,ORD,1205,14
9E,JFK,ORD,820,0
DL,LGA,ORD,1330,0
DL,LGA,ORD,1830,0
DL,LGA,ORD,830,0
DL,LGA,ORD,2030,1
DL,LGA,ORD,1130,0
DL,LGA,ORD,600,0
DL,LGA,ORD,1630,0
DL,LGA,ORD,730,0
YX,JFK,ORD,1555,24
YX,JFK,ORD,1929,0
OO,LGA,ORD,1915,0
OO,LGA,ORD,1656,0
OO,LGA,ORD,1107,0
OO,HPN,ORD,620,0
OO,HPN,ORD,1200,0
OO,HPN,ORD,1805,0
UA,LGA,ORD,1500,0
UA,LGA,ORD,900,0
UA,LGA,ORD,1005,0
UA,LGA,ORD,1815,0
UA,LGA,ORD,630,0
UA,LGA,ORD,800,0
UA,LGA,ORD,700,0
UA,LGA,ORD,2100,0
YX,LGA,ORD,1300,0
AA,JFK,ORD,900,0
AA,JFK,ORD,1607,0
AA,LGA,ORD,1730,0
AA,LGA,ORD,1330,4
AA,LGA,ORD,1130,0
AA,LGA,ORD,730,0
AA,LGA,ORD,930,4
AA,LGA,ORD,1830,164
AA,LGA,ORD,1929,0
AA,LGA,ORD,600,0
AA,LGA,ORD,2030,0
AA,LGA,ORD,1630,0
AA,LGA,ORD,1030,83
AA,LGA,ORD,830,41
AA,LGA,ORD,1530,121
AA,LGA,ORD,1230,0
AA,LGA,ORD,1430,0
OO,HPN,ORD,1630,0
OO,HPN,ORD,1200,14
OO,HPN,ORD,709,0
B6,JFK,ORD,1342,13
B6,JFK,ORD,800,0
B6,JFK,ORD,1718,40
9E,JFK,ORD,1205,0
9E,JFK,ORD,820,0
DL,LGA,ORD,1330,3
DL,LGA,ORD,1130,0
DL,LGA,ORD,600,0
DL,LGA,ORD,1830,0
DL,LGA,ORD,830,0
DL,LGA,ORD,2030,16
DL,LGA,ORD,1630,0
DL,LGA,ORD,730,0
YX,JFK,ORD,1929,41
YX,JFK,ORD,1555,0
OO,LGA,ORD,1656,0
OO,LGA,ORD,1915,0
OO,LGA,ORD,1107,0
OO,HPN,ORD,620,0
OO,HPN,ORD,1805,5
OO,HPN,ORD,1200,0
UA,LGA,ORD,1500,0
UA,LGA,ORD,900,0
UA,LGA,ORD,800,2
UA,LGA,ORD,1815,0
UA,LGA,ORD,1005,0
UA,LGA,ORD,700,0
UA,LGA,ORD,2100,0
UA,LGA,ORD,630,3
YX,LGA,ORD,1300,47
AA,JFK,ORD,900,0
AA,JFK,ORD,1607,0
AA,LGA,ORD,1130,0
AA,LGA,ORD,730,0
AA,LGA,ORD,1030,9
AA,LGA,ORD,600,0
AA,LGA,ORD,1430,0
AA,LGA,ORD,1630,0
OO,HPN,ORD,1630,0
OO,HPN,ORD,709,41
OO,HPN,ORD,1200,0
B6,JFK,ORD,800,0
B6,JFK,ORD,1342,1
B6,JFK,ORD,1718,0
9E,JFK,ORD,820,0
9E,JFK,ORD,1205,0
DL,LGA,ORD,1130,14
DL,LGA,ORD,830,0
DL,LGA,ORD,1830,0
DL,LGA,ORD,1330,0
YX,JFK,ORD,1555,0
YX,JFK,ORD,1929,0
OO,LGA,ORD,1656,125
OO,HPN,ORD,620,0
OO,HPN,ORD,1805,0
UA,LGA,ORD,800,0
UA,LGA,ORD,1500,1
UA,LGA,ORD,1815,164
UA,LGA,ORD,700,0
UA,LGA,ORD,630,0
UA,LGA,ORD,900,0
UA,LGA,ORD,1005,0
YX,LGA,ORD,1300,0
AA,JFK,ORD,900,0
AA,JFK,ORD,1607,0
AA,LGA,ORD,1730,91
AA,LGA,ORD,1230,57
AA,LGA,ORD,1330,59
AA,LGA,ORD,930,1
AA,LGA,ORD,2030,105
AA,LGA,ORD,1130,0
AA,LGA,ORD,1030,10
AA,LGA,ORD,1929,108
AA,LGA,ORD,600,0
AA,LGA,ORD,1530,177
AA,LGA,ORD,1630,0
AA,LGA,ORD,1430,0
AA,LGA,ORD,730,0
OO,HPN,ORD,1630,62
OO,HPN,ORD,1200,48
OO,HPN,ORD,709,0
B6,JFK,ORD,800,23
B6,JFK,ORD,1342,0
B6,JFK,ORD,1718,13
9E,JFK,ORD,1205,0
9E,JFK,ORD,820,17
DL,LGA,ORD,2030,0
DL,LGA,ORD,1330,0
DL,LGA,ORD,1630,0
DL,LGA,ORD,1830,46
DL,LGA,ORD,830,0
DL,LGA,ORD,1130,20
YX,JFK,ORD,1929,0
YX,JFK,ORD,1555,0
OO,LGA,ORD,1915,1
OO,LGA,ORD,1656,56
OO,HPN,ORD,620,0
OO,HPN,ORD,1200,67
OO,HPN,ORD,1805,129
UA,LGA,ORD,900,12
UA,LGA,ORD,1500,59
UA,LGA,ORD,630,0
UA,LGA,ORD,1815,8
UA,LGA,ORD,1005,19
UA,LGA,ORD,700,3
UA,LGA,ORD,2100,65
YX,LGA,ORD,1300,86
AA,JFK,ORD,900,0
AA,JFK,ORD,1607,0
AA,LGA,ORD,600,0
AA,LGA,ORD,1830,0
AA,LGA,ORD,930,2
AA,LGA,ORD,1230,50
AA,LGA,ORD,1130,0
AA,LGA,ORD,1630,0
AA,LGA,ORD,730,77
AA,LGA,ORD,1330,0
AA,LGA,ORD,1430,0
AA,LGA,ORD,1730,0
AA,LGA,ORD,2030,39
AA,LGA,ORD,830,0
AA,LGA,ORD,1530,0
AA,LGA,ORD,1929,0
AA,LGA,ORD,1030,0
OO,HPN,ORD,709,0
OO,HPN,ORD,1630,7
B6,JFK,ORD,1342,0
B6,JFK,ORD,800,4
B6,JFK,ORD,1718,7
9E,JFK,ORD,1550,0
9E,JFK,ORD,1220,0
DL,LGA,ORD,735,0
DL,LGA,ORD,1830,0
DL,LGA,ORD,610,0
DL,LGA,ORD,850,3
DL,LGA,ORD,2040,101
DL,LGA,ORD,1120,0
DL,LGA,ORD,1340,15
DL,LGA,ORD,1625,0
YX,JFK,ORD,1929,0
YX,JFK,ORD,830,0
OO,LGA,ORD,1656,0
OO,LGA,ORD,1107,0
OO,LGA,ORD,1915,8
OO,HPN,ORD,1200,0
OO,HPN,ORD,1805,0
OO,HPN,ORD,620,7
UA,LGA,ORD,1500,65
UA,LGA,ORD,1815,0
UA,LGA,ORD,900,1
UA,LGA,ORD,630,0
UA,LGA,ORD,800,47
UA,LGA,ORD,2100,0
UA,LGA,ORD,700,0
UA,LGA,ORD,1005,13
YX,LGA,ORD,1300,0
AA,JFK,ORD,900,0
AA,JFK,ORD,1607,0
AA,LGA,ORD,1330,0
AA,LGA,ORD,930,0
AA,LGA,ORD,1130,0
AA,LGA,ORD,2030,0
AA,LGA,ORD,600,0
AA,LGA,ORD,1630,4
AA,LGA,ORD,730,0
AA,LGA,ORD,1230,0
AA,LGA,ORD,1730,0
AA,LGA,ORD,1929,0
AA,LGA,ORD,830,0
AA,LGA,ORD,1530,0
AA,LGA,ORD,1830,0
AA,LGA,ORD,1030,122
AA,LGA,ORD,1430,0
OO,HPN,ORD,1200,0
OO,HPN,ORD,709,22
OO,HPN,ORD,1630,0
B6,JFK,ORD,1342,0
B6,JFK,ORD,800,0
B6,JFK,ORD,1718,13
9E,JFK,ORD,1220,0
9E,JFK,ORD,1550,0
DL,LGA,ORD,850,123
DL,LGA,ORD,1120,0
DL,LGA,ORD,1340,0
DL,LGA,ORD,2040,59
DL,LGA,ORD,1830,0
DL,LGA,ORD,735,1
DL,LGA,ORD,610,0
YX,JFK,ORD,830,30
YX,JFK,ORD,1929,0
OO,LGA,ORD,1656,0
OO,LGA,ORD,1915,0
OO,LGA,ORD,1107,0
OO,HPN,ORD,1200,0
OO,HPN,ORD,1805,0
OO,HPN,ORD,620,7
UA,LGA,ORD,1500,0
UA,LGA,ORD,900,0
UA,LGA,ORD,1005,0
UA,LGA,ORD,1815,0
UA,LGA,ORD,700,0
UA,LGA,ORD,800,0
UA,LGA,ORD,2100,0
UA,LGA,ORD,630,6
YX,LGA,ORD,1300,0
AA,LGA,ORD,1929,0
AA,JFK,ORD,900,0
AA,JFK,ORD,1607,0
AA,LGA,ORD,1330,0
AA,LGA,ORD,930,0
AA,LGA,ORD,1830,0
AA,LGA,ORD,1230,0
AA,LGA,ORD,1130,0
AA,LGA,ORD,1630,0
AA,LGA,ORD,1430,0
AA,LGA,ORD,1030,0
AA,LGA,ORD,2030,0
AA,LGA,ORD,830,0
AA,LGA,ORD,1730,0
AA,LGA,ORD,1530,0
AA,LGA,ORD,730,0
AA,LGA,ORD,600,0
OO,HPN,ORD,1630,0
OO,HPN,ORD,709,0
OO,HPN,ORD,1200,0
B6,JFK,ORD,1342,0
B6,JFK,ORD,800,3
B6,JFK,ORD,1718,0
9E,JFK,ORD,1220,0
9E,JFK,ORD,1550,0
DL,LGA,ORD,1120,0
DL,LGA,ORD,1830,0
DL,LGA,ORD,610,0
DL,LGA,ORD,1340,0
DL,LGA,ORD,2040,62
DL,LGA,ORD,735,19
DL,LGA,ORD,850,114
DL,LGA,ORD,1625,47
YX,JFK,ORD,1929,0
YX,JFK,ORD,830,0
OO,LGA,ORD,1107,0
OO,LGA,ORD,1656,0
OO,LGA,ORD,1915,0
OO,HPN,ORD,1200,7
OO,HPN,ORD,620,0
OO,HPN,ORD,1805,0
UA,LGA,ORD,900,0
UA,LGA,ORD,1500,0
UA,LGA,ORD,1815,0
UA,LGA,ORD,630,0
UA,LGA,ORD,2100,0
UA,LGA,ORD,1005,0
UA,LGA,ORD,800,0
UA,LGA,ORD,700,0
YX,LGA,ORD,1300,12
AA,JFK,ORD,900,0
AA,JFK,ORD,1607,0
AA,LGA,ORD,1330,67
AA,LGA,ORD,1830,0
AA,LGA,ORD,730,0
AA,LGA,ORD,930,0
AA,LGA,ORD,600,0
AA,LGA,ORD,1230,0
AA,LGA,ORD,1630,13
AA,LGA,ORD,2030,0
AA,LGA,ORD,1030,0
AA,LGA,ORD,1530,0
AA,LGA,ORD,830,0
AA,LGA,ORD,1430,38
AA,LGA,ORD,1929,0
AA,LGA,ORD,1730,39
OO,HPN,ORD,1630,0
OO,HPN,ORD,709,0
OO,HPN,ORD,1200,2
B6,JFK,ORD,800,0
B6,JFK,ORD,1342,0
B6,JFK,ORD,1718,2
9E,JFK,ORD,1550,0
9E,JFK,ORD,1220,0
DL,LGA,ORD,610,0
DL,LGA,ORD,1120,0
DL,LGA,ORD,1830,6
DL,LGA,ORD,850,0
DL,LGA,ORD,1625,1
DL,LGA,ORD,2040,2
DL,LGA,ORD,735,19
DL,LGA,ORD,1340,0
YX,JFK,ORD,830,0
YX,JFK,ORD,1929,17
OO,LGA,ORD,1915,0
OO,LGA,ORD,1107,0
OO,LGA,ORD,1656,0
OO,HPN,ORD,1200,0
OO,HPN,ORD,620,0
OO,HPN,ORD,1805,15
UA,LGA,ORD,1815,0
UA,LGA,ORD,2100,0
UA,LGA,ORD,1500,2
UA,LGA,ORD,900,0
UA,LGA,ORD,800,0
UA,LGA,ORD,630,0
UA,LGA,ORD,700,0
UA,LGA,ORD,1005,0
YX,LGA,ORD,1300,0
AA,LGA,ORD,2030,0
AA,JFK,ORD,900,0
AA,JFK,ORD,1607,8
AA,LGA,ORD,1230,0
AA,LGA,ORD,1130,0
AA,LGA,ORD,1330,0
AA,LGA,ORD,930,0
AA,LGA,ORD,730,0
AA,LGA,ORD,1030,0
AA,LGA,ORD,1430,0
AA,LGA,ORD,830,0
AA,LGA,ORD,1530,0
AA,LGA,ORD,1830,30
AA,LGA,ORD,600,0
AA,LGA,ORD,1630,0
AA,LGA,ORD,1929,0
AA,LGA,ORD,1730,0
OO,HPN,ORD,1200,30
OO,HPN,ORD,1630,0
OO,HPN,ORD,709,0
B6,JFK,ORD,1342,1
B6,JFK,ORD,800,15
B6,JFK,ORD,1718,46
9E,JFK,ORD,1220,0
9E,JFK,ORD,1550,18
DL,LGA,ORD,2040,0
DL,LGA,ORD,1830,0
DL,LGA,ORD,1120,0
DL,LGA,ORD,735,0
DL,LGA,ORD,610,0
DL,LGA,ORD,850,0
DL,LGA,ORD,1340,0
DL,LGA,ORD,1625,0
YX,JFK,ORD,1929,0
YX,JFK,ORD,830,0
OO,LGA,ORD,1915,0
OO,LGA,ORD,1107,0
OO,HPN,ORD,620,0
OO,HPN,ORD,1200,0
OO,HPN,ORD,1805,0
UA,LGA,ORD,900,0
UA,LGA,ORD,630,0
UA,LGA,ORD,1815,0
UA,LGA,ORD,1005,0
UA,LGA,ORD,1500,0
UA,LGA,ORD,800,0
UA,LGA,ORD,700,0
UA,LGA,ORD,2100,0
YX,LGA,ORD,1656,0
YX,LGA,ORD,1300,130
AA,JFK,ORD,900,0
AA,JFK,ORD,1607,0
AA,LGA,ORD,1130,0
AA,LGA,ORD,930,0
AA,LGA,ORD,1430,0
AA,LGA,ORD,730,77
AA,LGA,ORD,600,0
AA,LGA,ORD,1030,0
AA,LGA,ORD,1630,51
AA,LGA,ORD,1929,0
OO,HPN,ORD,1200,0
OO,HPN,ORD,1630,110
OO,HPN,ORD,709,0
B6,JFK,ORD,1342,0
B6,JFK,ORD,800,0
B6,JFK,ORD,1718,0
9E,JFK,ORD,1550,0
9E,JFK,ORD,1220,0
9E,JFK,ORD,830,0
DL,LGA,ORD,1340,0
DL,LGA,ORD,850,0
DL,LGA,ORD,1120,0
DL,LGA,ORD,1830,0
YX,JFK,ORD,1929,0
OO,LGA,ORD,1915,0
OO,HPN,ORD,620,4
UA,LGA,ORD,800,0
UA,LGA,ORD,1500,4
UA,LGA,ORD,1005,0
UA,LGA,ORD,1815,0
UA,LGA,ORD,700,0
UA,LGA,ORD,900,0
UA,LGA,ORD,630,0
YX,LGA,ORD,1300,0
YX,LGA,ORD,1656,0
AA,LGA,ORD,2030,106
AA,JFK,ORD,900,0
AA,JFK,ORD,1607,1
AA,LGA,ORD,1130,0
AA,LGA,ORD,1330,5
AA,LGA,ORD,1230,0
AA,LGA,ORD,930,0
AA,LGA,ORD,1530,17
AA,LGA,ORD,1830,49
AA,LGA,ORD,1030,0
AA,LGA,ORD,1929,6
AA,LGA,ORD,1730,0
AA,LGA,ORD,730,0
AA,LGA,ORD,1630,0
AA,LGA,ORD,1430,0
AA,LGA,ORD,600,0
OO,HPN,ORD,1200,0
OO,HPN,ORD,1630,0
OO,HPN,ORD,709,0
B6,JFK,ORD,800,0
B6,JFK,ORD,1342,114
B6,JFK,ORD,1718,53
9E,JFK,ORD,1220,0
9E,JFK,ORD,1550,71
DL,LGA,ORD,1340,0
DL,LGA,ORD,850,0
DL,LGA,ORD,2040,7
DL,LGA,ORD,1625,0
DL,LGA,ORD,1120,0
YX,JFK,ORD,1929,0
YX,JFK,ORD,830,0
OO,LGA,ORD,1107,0
OO,LGA,ORD,1915,0
OO,LGA,ORD,1656,0
OO,HPN,ORD,620,0
OO,HPN,ORD,1805,21
OO,HPN,ORD,1200,0
UA,LGA,ORD,1500,0
UA,LGA,ORD,900,0
UA,LGA,ORD,1815,1
UA,LGA,ORD,700,0
UA,LGA,ORD,1005,0
UA,LGA,ORD,800,0
UA,LGA,ORD,2100,0
UA,LGA,ORD,630,0
YX,LGA,ORD,1300,0
AA,LGA,ORD,1929,0
AA,JFK,ORD,900,2
AA,JFK,ORD,1607,8
AA,LGA,ORD,830,0
AA,LGA,ORD,1530,0
AA,LGA,ORD,1830,37
AA,LGA,ORD,1330,57
AA,LGA,ORD,930,0
AA,LGA,ORD,730,0
AA,LGA,ORD,1130,6
AA,LGA,ORD,1030,0
AA,LGA,ORD,1430,0
AA,LGA,ORD,1630,0
AA,LGA,ORD,1730,21
AA,LGA,ORD,2030,28
AA,LGA,ORD,600,0
OO,HPN,ORD,709,0
OO,HPN,ORD,1630,0
OO,HPN,ORD,1200,0
B6,JFK,ORD,1342,63
B6,JFK,ORD,800,0
B6,JFK,ORD,1718,4
9E,JFK,ORD,1220,0
9E,JFK,ORD,1550,26
DL,LGA,ORD,735,3
DL,LGA,ORD,1625,0
DL,LGA,ORD,1830,11
DL,LGA,ORD,610,0
DL,LGA,ORD,1120,13
DL,LGA,ORD,1340,0
DL,LGA,ORD,2040,11
DL,LGA,ORD,850,0
YX,JFK,ORD,1929,0
YX,JFK,ORD,830,0
OO,LGA,ORD,1915,77
OO,LGA,ORD,1656,15
OO,LGA,ORD,1107,82
OO,HPN,ORD,1805,0
OO,HPN,ORD,1200,0
OO,HPN,ORD,620,0
UA,LGA,ORD,900,0
UA,LGA,ORD,1500,0
UA,LGA,ORD,1815,45
UA,LGA,ORD,800,0
UA,LGA,ORD,700,64
UA,LGA,ORD,1005,0
UA,LGA,ORD,2100,2
UA,LGA,ORD,630,0
YX,LGA,ORD,1300,0
AA,LGA,ORD,1830,0
AA,JFK,ORD,1607,4
AA,LGA,ORD,1130,0
AA,LGA,ORD,1330,3
AA,LGA,ORD,930,0
AA,JFK,ORD,900,5
AA,LGA,ORD,600,0
AA,LGA,ORD,730,0
AA,LGA,ORD,1430,0
AA,LGA,ORD,1630,0
AA,LGA,ORD,1929,0
AA,LGA,ORD,830,0
AA,LGA,ORD,1530,28
AA,LGA,ORD,2030,60
AA,LGA,ORD,1230,0
AA,LGA,ORD,1030,0
OO,HPN,ORD,709,0
OO,HPN,ORD,1200,12
OO,HPN,ORD,1630,0
B6,JFK,ORD,800,0
B6,JFK,ORD,1342,0
B6,JFK,ORD,1718,170
9E,JFK,ORD,1550,0
9E,JFK,ORD,1220,1
DL,LGA,ORD,850,0
DL,LGA,ORD,2040,13
DL,LGA,ORD,610,0
DL,LGA,ORD,1340,0
DL,LGA,ORD,735,0
DL,LGA,ORD,1625,2
DL,LGA,ORD,1120,0
DL,LGA,ORD,1830,2
YX,JFK,ORD,1929,0
YX,JFK,ORD,830,0
OO,LGA,ORD,1915,0
OO,LGA,ORD,1656,0
OO,LGA,ORD,1107,0
OO,HPN,ORD,620,0
OO,HPN,ORD,1200,0
OO,HPN,ORD,1805,114
UA,LGA,ORD,1500,0
UA,LGA,ORD,1815,0
UA,LGA,ORD,900,0
UA,LGA,ORD,800,0
UA,LGA,ORD,700,0
UA,LGA,ORD,630,0
UA,LGA,ORD,2100,0
UA,LGA,ORD,1005,0
YX,LGA,ORD,1300,0
AA,JFK,ORD,900,0
AA,JFK,ORD,1607,22
AA,LGA,ORD,930,5
AA,LGA,ORD,1130,5
AA,LGA,ORD,1230,0
AA,LGA,ORD,1330,0
AA,LGA,ORD,2030,0
AA,LGA,ORD,1430,0
AA,LGA,ORD,730,0
AA,LGA,ORD,1929,0
AA,LGA,ORD,600,0
AA,LGA,ORD,1030,0
AA,LGA,ORD,1530,0
AA,LGA,ORD,1630,0
AA,LGA,ORD,830,0
AA,LGA,ORD,1830,4
AA,LGA,ORD,1730,3
OO,HPN,ORD,1200,0
OO,HPN,ORD,709,0
OO,HPN,ORD,1630,0
B6,JFK,ORD,800,0
B6,JFK,ORD,1342,0
B6,JFK,ORD,1718,29
9E,JFK,ORD,1220,0
9E,JFK,ORD,1550,0
DL,LGA,ORD,1625,0
DL,LGA,ORD,1830,0
DL,LGA,ORD,735,0
DL,LGA,ORD,610,0
DL,LGA,ORD,1340,3
DL,LGA,ORD,2040,1
DL,LGA,ORD,850,0
DL,LGA,ORD,1120,52
YX,JFK,ORD,1929,0
YX,JFK,ORD,830,0
OO,LGA,ORD,1107,0
OO,LGA,ORD,1915,0
OO,LGA,ORD,1656,0
OO,HPN,ORD,1200,0
OO,HPN,ORD,620,0
OO,HPN,ORD,1805,80
UA,LGA,ORD,1815,8
UA,LGA,ORD,1500,0
UA,LGA,ORD,900,95
UA,LGA,ORD,800,0
UA,LGA,ORD,630,0
UA,LGA,ORD,2100,0
UA,LGA,ORD,1005,0
UA,LGA,ORD,700,0
YX,LGA,ORD,1300,0
AA,LGA,ORD,1630,40
AA,JFK,ORD,900,11
AA,JFK,ORD,1607,0
AA,LGA,ORD,1230,100
AA,LGA,ORD,930,3
AA,LGA,ORD,1130,116
AA,LGA,ORD,1929,81
AA,LGA,ORD,1830,48
AA,LGA,ORD,730,7
AA,LGA,ORD,2030,52
AA,LGA,ORD,1430,55
AA,LGA,ORD,1030,0
AA,LGA,ORD,1730,9
AA,LGA,ORD,600,0
AA,LGA,ORD,830,0
AA,LGA,ORD,1530,35
OO,HPN,ORD,1200,29
OO,HPN,ORD,709,0
OO,HPN,ORD,1630,0
B6,JFK,ORD,800,22
B6,JFK,ORD,1342,83
B6,JFK,ORD,1718,95
9E,JFK,ORD,1550,0
9E,JFK,ORD,1220,34
DL,LGA,ORD,610,101
DL,LGA,ORD,1120,54
DL,LGA,ORD,2040,164
DL,LGA,ORD,735,0
DL,LGA,ORD,850,0
DL,LGA,ORD,1830,136
DL,LGA,ORD,1625,93
YX,JFK,ORD,1929,85
YX,JFK,ORD,830,0
OO,LGA,ORD,1915,53
OO,LGA,ORD,1107,141
OO,HPN,ORD,1200,19
OO,HPN,ORD,620,18
OO,HPN,ORD,1805,22
UA,LGA,ORD,900,0
UA,LGA,ORD,1815,0
UA,LGA,ORD,1500,91
UA,LGA,ORD,700,0
UA,LGA,ORD,2100,0
UA,LGA,ORD,1005,4
UA,LGA,ORD,630,0
UA,LGA,ORD,800,26
YX,LGA,ORD,1300,86
AA,LGA,ORD,730,0
AA,JFK,ORD,900,65
AA,LGA,ORD,2030,0
AA,JFK,ORD,1607,49
AA,LGA,ORD,1630,1
AA,LGA,ORD,930,5
AA,LGA,ORD,1330,13
AA,LGA,ORD,1130,0
AA,LGA,ORD,1030,0
AA,LGA,ORD,1430,0
AA,LGA,ORD,1830,132
AA,LGA,ORD,830,0
AA,LGA,ORD,1530,0
AA,LGA,ORD,1929,0
AA,LGA,ORD,1730,14
AA,LGA,ORD,1230,82
AA,LGA,ORD,600,0
OO,HPN,ORD,709,0
OO,HPN,ORD,1630,0
OO,HPN,ORD,1200,0
B6,JFK,ORD,1342,7
B6,JFK,ORD,800,0
B6,JFK,ORD,1718,129
9E,JFK,ORD,1220,39
9E,JFK,ORD,1600,0
DL,LGA,ORD,1625,0
DL,LGA,ORD,610,0
DL,LGA,ORD,1830,25
DL,LGA,ORD,1120,8
DL,LGA,ORD,1340,0
DL,LGA,ORD,850,0
DL,LGA,ORD,2040,0
YX,JFK,ORD,1929,12
YX,JFK,ORD,830,0
OO,LGA,ORD,1915,0
OO,LGA,ORD,1656,15
OO,LGA,ORD,1107,0
OO,HPN,ORD,1805,0
OO,HPN,ORD,1200,11
OO,HPN,ORD,620,0
UA,LGA,ORD,1500,22
UA,LGA,ORD,900,0
UA,LGA,ORD,1815,0
UA,LGA,ORD,2100,0
UA,LGA,ORD,1005,0
UA,LGA,ORD,800,42
UA,LGA,ORD,700,0
UA,LGA,ORD,630,0
YX,LGA,ORD,1300,0
AA,LGA,ORD,1929,0
AA,LGA,ORD,1430,0
AA,JFK,ORD,900,0
AA,JFK,ORD,1607,0
AA,LGA,ORD,1130,8
AA,LGA,ORD,930,0
AA,LGA,ORD,1630,0
AA,LGA,ORD,600,0
AA,LGA,ORD,1030,0
AA,LGA,ORD,730,0
OO,HPN,ORD,709,0
OO,HPN,ORD,1630,0
OO,HPN,ORD,1200,0
B6,JFK,ORD,800,8
B6,JFK,ORD,1342,0
B6,JFK,ORD,1718,94
9E,JFK,ORD,1220,0
9E,JFK,ORD,830,0
9E,JFK,ORD,1550,15
DL,LGA,ORD,850,0
DL,LGA,ORD,1340,0
DL,LGA,ORD,1120,0
DL,LGA,ORD,1830,0
YX,JFK,ORD,1929,2
OO,LGA,ORD,1656,0
OO,LGA,ORD,1915,0
OO,HPN,ORD,1805,0
OO,HPN,ORD,620,168
UA,LGA,ORD,630,0
UA,LGA,ORD,1815,0
UA,LGA,ORD,800,0
UA,LGA,ORD,1500,0
UA,LGA,ORD,700,14
UA,LGA,ORD,900,0
UA,LGA,ORD,1005,0
YX,LGA,ORD,1300,0
AA,JFK,ORD,900,0
AA,JFK,ORD,1607,0
AA,LGA,ORD,1630,0
AA,LGA,ORD,1730,12
AA,LGA,ORD,1130,0
AA,LGA,ORD,1530,0
AA,LGA,ORD,1430,0
AA,LGA,ORD,1330,125
AA,LGA,ORD,930,0
AA,LGA,ORD,730,0
AA,LGA,ORD,1230,0
AA,LGA,ORD,2030,1
AA,LGA,ORD,1830,30
AA,LGA,ORD,1929,0
AA,LGA,ORD,600,13
OO,HPN,ORD,709,9
OO,HPN,ORD,1630,0
OO,HPN,ORD,1200,0
B6,JFK,ORD,1342,0
B6,JFK,ORD,800,0
B6,JFK,ORD,1718,0
9E,JFK,ORD,1220,0
DL,LGA,ORD,850,0
DL,LGA,ORD,1830,0
DL,LGA,ORD,1120,0
DL,LGA,ORD,1340,0
DL,LGA,ORD,1625,0
DL,LGA,ORD,2040,96
YX,JFK,ORD,830,2
OO,LGA,ORD,1915,64
OO,LGA,ORD,1107,0
OO,HPN,ORD,620,0
OO,HPN,ORD,1200,0
OO,HPN,ORD,1805,0
UA,LGA,ORD,900,0
UA,LGA,ORD,1500,0
UA,LGA,ORD,1815,14
UA,LGA,ORD,1005,0
UA,LGA,ORD,2100,11
UA,LGA,ORD,630,0
UA,LGA,ORD,700,0
UA,LGA,ORD,800,0
YX,LGA,ORD,1300,0
AA,JFK,ORD,900,0
AA,JFK,ORD,1607,1
AA,LGA,ORD,1929,0
AA,LGA,ORD,730,0
AA,LGA,ORD,1330,0
AA,LGA,ORD,1430,0
AA,LGA,ORD,1030,0
AA,LGA,ORD,1230,0
AA,LGA,ORD,600,0
AA,LGA,ORD,1130,31
AA,LGA,ORD,1630,1
AA,LGA,ORD,1830,72
AA,LGA,ORD,830,0
AA,LGA,ORD,1530,0
AA,LGA,ORD,2030,0
AA,LGA,ORD,1730,0
OO,HPN,ORD,1200,14
OO,HPN,ORD,1630,0
OO,HPN,ORD,709,0
B6,JFK,ORD,1342,0
B6,JFK,ORD,800,82
B6,JFK,ORD,1718,0
9E,JFK,ORD,1220,0
9E,JFK,ORD,1550,0
DL,LGA,ORD,735,0
DL,LGA,ORD,1120,0
DL,LGA,ORD,1830,0
DL,LGA,ORD,1340,0
DL,LGA,ORD,1625,0
DL,LGA,ORD,610,0
DL,LGA,ORD,850,0
DL,LGA,ORD,2040,30
YX,JFK,ORD,1929,0
YX,JFK,ORD,830,0
OO,LGA,ORD,1915,6
OO,LGA,ORD,1656,91
OO,LGA,ORD,1107,0
OO,HPN,ORD,1200,0
OO,HPN,ORD,1805,0
OO,HPN,ORD,620,19
UA,LGA,ORD,1500,0
UA,LGA,ORD,900,0
UA,LGA,ORD,1815,0
UA,LGA,ORD,700,0
UA,LGA,ORD,1005,0
UA,LGA,ORD,2100,68
UA,LGA,ORD,800,0
UA,LGA,ORD,630,0
YX,LGA,ORD,1300,0
AA,LGA,ORD,1830,0
AA,JFK,ORD,900,11
AA,JFK,ORD,1607,0
AA,LGA,ORD,1030,0
AA,LGA,ORD,1330,0
AA,LGA,ORD,600,0
AA,LGA,ORD,1130,0
AA,LGA,ORD,1630,0
AA,LGA,ORD,730,0
AA,LGA,ORD,1730,0
AA,LGA,ORD,1929,29
AA,LGA,ORD,1530,68
AA,LGA,ORD,830,0
AA,LGA,ORD,1430,12
AA,LGA,ORD,2030,0
OO,HPN,ORD,709,0
OO,HPN,ORD,1630,12
OO,HPN,ORD,1200,0
B6,JFK,ORD,800,17
B6,JFK,ORD,1342,0
B6,JFK,ORD,1718,0
9E,JFK,ORD,1550,0
9E,JFK,ORD,1220,0
DL,LGA,ORD,1120,0
DL,LGA,ORD,1340,0
DL,LGA,ORD,850,0
DL,LGA,ORD,1625,0
DL,LGA,ORD,2040,0
DL,LGA,ORD,1830,27
DL,LGA,ORD,735,0
DL,LGA,ORD,610,4
YX,JFK,ORD,1929,0
YX,JFK,ORD,830,0
OO,LGA,ORD,1107,58
OO,LGA,ORD,1656,0
OO,LGA,ORD,1915,0
OO,HPN,ORD,1805,0
OO,HPN,ORD,1200,0
OO,HPN,ORD,620,0
UA,LGA,ORD,1500,0
UA,LGA,ORD,1815,0
UA,LGA,ORD,900,0
UA,LGA,ORD,700,0
UA,LGA,ORD,630,0
UA,LGA,ORD,2100,0
UA,LGA,ORD,1005,0
UA,LGA,ORD,800,0
YX,LGA,ORD,1300,0
AA,LGA,ORD,930,0
AA,JFK,ORD,900,0
AA,JFK,ORD,1607,0
AA,LGA,ORD,1130,0
AA,LGA,ORD,1330,5
AA,LGA,ORD,600,0
AA,LGA,ORD,730,0
AA,LGA,ORD,2030,0
AA,LGA,ORD,1929,0
AA,LGA,ORD,830,0
AA,LGA,ORD,1230,0
AA,LGA,ORD,1630,0
AA,LGA,ORD,1530,0
AA,LGA,ORD,1030,0
AA,LGA,ORD,1430,0
AA,LGA,ORD,1830,1
AA,LGA,ORD,1730,0
OO,HPN,ORD,1630,0
OO,HPN,ORD,709,0
OO,HPN,ORD,1200,0
B6,JFK,ORD,800,0
B6,JFK,ORD,1342,0
B6,JFK,ORD,1718,0
9E,JFK,ORD,1220,0
9E,JFK,ORD,1550,0
DL,LGA,ORD,735,6
DL,LGA,ORD,610,0
DL,LGA,ORD,2040,0
DL,LGA,ORD,850,0
DL,LGA,ORD,1120,0
DL,LGA,ORD,1830,0
DL,LGA,ORD,1340,0
DL,LGA,ORD,1625,0
YX,JFK,ORD,1929,0
YX,JFK,ORD,830,0
OO,LGA,ORD,1656,0
OO,LGA,ORD,1107,0
OO,HPN,ORD,1805,50
OO,HPN,ORD,1200,0
OO,LGA,ORD,1915,0
OO,HPN,ORD,620,0
UA,LGA,ORD,1500,0
UA,LGA,ORD,900,0
UA,LGA,ORD,1815,0
UA,LGA,ORD,2100,0
UA,LGA,ORD,700,0
UA,LGA,ORD,630,0
UA,LGA,ORD,800,0
UA,LGA,ORD,1005,0
YX,LGA,ORD,1300,0
AA,LGA,ORD,1130,0
AA,LGA,ORD,1830,0
AA,LGA,ORD,2030,0
AA,LGA,ORD,830,0
AA,LGA,ORD,1530,0
AA,JFK,ORD,900,0
AA,JFK,ORD,1607,12
AA,LGA,ORD,1730,0
